{"cameraMode":{"drawMode":0,"name":"Shaded","section":"Shading Mode"},"sceneLighting":true,"audioPlay":true,"sceneViewState":{"showFog":true,"showMaterialUpdate":false,"showSkybox":true,"showFlares":true,"showImageEffects":true,"showParticleSystems":true},"in2DMode":false,"pivot":{"x":494.736572265625,"y":-6.191305160522461,"z":111.22943115234375},"rotation":{"x":-0.28486335277557375,"y":0.2886597812175751,"z":-0.0904010534286499,"w":-0.9095972776412964},"size":8.8732328414917,"orthographic":false}